FPR,TPR_Year1_CN,TPR_Year1_MCI,TPR_Year2_CN,TPR_Year2_MCI,TPR_Year3_CN,TPR_Year3_MCI,TPR_Year4_CN,TPR_Year4_MCI,TPR_Year5_CN,TPR_Year5_MCI
0.0,0.0,0.0,0.0,0.0,0.0,0.0,0.0,0.0,0.0,0.0
0.010101010101010102,0.04329095213154532,0.13572109297692528,0.002747281867223249,0.07196906628109301,0.01185579388937905,0.250715317060588,0.025478667269712048,0.2655282600630508,0.05457313763032346,0.2573855042990846
0.020202020202020204,0.08648522187888408,0.21611414713206395,0.007670191134772678,0.13014523492691205,0.02518407699482854,0.401238652710289,0.050957334539424096,0.5028123036654095,0.10755035303550763,0.48119690094998735
0.030303030303030304,0.1295056407335211,0.24071607371448114,0.014611259940586272,0.17379544637898933,0.03988562497564291,0.5032629847733379,0.07643600180913614,0.6866840171292318,0.15882625512521312,0.6414573081239748
0.04040404040404041,0.17227504018696135,0.2591418380743503,0.02341302042260202,0.21544822781431291,0.0558612134911166,0.6093532820733946,0.10191466907884819,0.7919752867766732,0.20829545280910053,0.7082832380062647
0.05050505050505051,0.21471625173070957,0.29139462479449973,0.033918004718757916,0.30288354414464,0.07301161820054408,0.7109640781417141,0.12739333634856023,0.8140516841196659,0.25585255499683046,0.7202821726033645
0.06060606060606061,0.2567521068562707,0.3164249612986594,0.04596874496699192,0.32867002102163634,0.09123761476321975,0.7883048059838298,0.15287200361827227,0.8234714720985049,0.30139217059806356,0.7281769614467221
0.07070707070707072,0.2983054370551495,0.3346451807657647,0.059407773305242065,0.3745465900904586,0.11043997883843812,0.8216090954717772,0.17835067088798434,0.8299938198298635,0.34480890852246043,0.7337780328731017
0.08080808080808081,0.3392990738188509,0.3818772386313894,0.07407762187144627,0.4350520256689385,0.13051948608549355,0.8268635034308762,0.20382933815769638,0.8349586963289976,0.3870770346329629,0.7388872548534436
0.09090909090909091,0.37965584863887974,0.44085866222356723,0.08982082280354259,0.46202953069970354,0.15137691216368052,0.830358416260668,0.22930800542740842,0.8396612818628584,0.42905208338194323,0.7435080494838918
0.10101010101010102,0.4192985930067409,0.46376133786614016,0.10647990823946901,0.47441917501605285,0.1729270253200592,0.8328121948427157,0.25478667269712046,0.8437688200242085,0.46989794187728745,0.747114459756027
0.11111111111111112,0.45815013841393926,0.4810146000438844,0.12389741031716345,0.48354587799032245,0.1966298186585561,0.8349432000585821,0.2802653399668325,0.8471799553662,0.5087714813962803,0.7501148529638558
0.12121212121212122,0.4961333163519796,0.49811162386518115,0.14191586117456395,0.5150346439602639,0.22312525086749854,0.8374697927898306,0.30574400723654455,0.8504234205355417,0.5448295732162065,0.7529175964013854
0.13131313131313133,0.5331709583123667,0.5135669640375464,0.1603777929496085,0.5564107558597918,0.25185835589521854,0.8409998891518538,0.33122267450625664,0.8540279481789418,0.5772290886143512,0.7559310573626224
0.14141414141414144,0.5691858957866057,0.5270801898495556,0.1791257377802351,0.6885270897596175,0.28227416769004804,0.845116635586988,0.3567013417759687,0.8581924518580404,0.6051268988679991,0.759563603141574
0.15151515151515152,0.6041009602662012,0.5353852391141295,0.2002596450509929,0.7696246208642903,0.3138177202003192,0.8495016762430417,0.3821800090456807,0.8625127737471148,0.6283352664955253,0.7642236010322471
0.16161616161616163,0.6378389832426582,0.5455753313026924,0.22703489553092965,0.7901053814736092,0.345934047374364,0.8539544964917487,0.40844966533430654,0.8670323025184284,0.6482120619808435,0.7704667041061286
0.17171717171717174,0.6703227962074816,0.5675502844277401,0.25864205101395576,0.8068807973307515,0.37806818316051466,0.858272326480096,0.4367104809464991,0.871811921541883,0.6658229490238647,0.7843475052535354
0.18181818181818182,0.7014752306521759,0.6614073530279821,0.29420652809082565,0.817610305213611,0.4096651615071031,0.8623384761307731,0.4658724907892294,0.8769125141873801,0.682221838527983,0.8038275773812964
0.19191919191919193,0.7312191180682464,0.6763488654916786,0.3328537433522942,0.8253275428282447,0.4401700163624614,0.8663696169824144,0.49476414236279836,0.8823949638248215,0.6984626413965923,0.8219418079228303
0.20202020202020204,0.7594772899471977,0.6843918376673358,0.37370911338911594,0.8314195235971222,0.46907785723732587,0.8706419295607453,0.522213883167507,0.8883137258834773,0.7155992685330863,0.8319665302218103
0.21212121212121213,0.7861725777805347,0.6953279759037188,0.41589805479204517,0.8365398055412399,0.49757384657707865,0.8754321939892267,0.5470501607036563,0.8948539532613665,0.7346856308408589,0.8367900235668831
0.22222222222222224,0.8112278130597623,0.7135011225737685,0.458545984151837,0.8412149205078499,0.5262304240411108,0.8810091565403629,0.5681014224715472,0.9032258064516129,0.7579401559263481,0.8403292181069959
0.23232323232323235,0.8345658272763855,0.7351078409541651,0.5007783180592457,0.8459077094480791,0.5548577691515507,0.8872612419004008,0.5842292262453979,0.9191131168849391,0.7867840838112666,0.8434759880122599
0.24242424242424243,0.8561094519219089,0.7581660386138844,0.5417204731050257,0.8501700617900588,0.5832660614305268,0.8939321200189018,0.5964694480311985,0.9342563407865292,0.8183356455212263,0.8470701303953614
0.25252525252525254,0.8757815184878374,0.780695192424131,0.580497865879932,0.8540848171098088,0.6112654804001679,0.9007654608454272,0.606415523927241,0.9383341475765952,0.849595434853005,0.8505970438864441
0.26262626262626265,0.8935048584656761,0.8045486250891087,0.616235912974719,0.85803149812313,0.6386662055826021,0.9075049343295385,0.6148982423648021,0.941288005016844,0.8775640456033806,0.8538179221230769
0.27272727272727276,0.9092023033469296,0.8246448192549523,0.6480600309801412,0.8623896275458232,0.6652784164999583,0.9141341856334839,0.6227483917751588,0.9436628701245856,0.8992420715691313,0.8569513617155815
0.2828282828282829,0.9227966846231028,0.8348826015546673,0.6750956364869534,0.8675537351731555,0.6909122926743647,0.9212235752998044,0.6307967605895881,0.9455633800683454,0.9116301065470344,0.8602159592742786
0.29292929292929293,0.9342108337857007,0.8441386625497307,0.6980826277608572,0.8744524219100731,0.71537801362795,0.927290270424298,0.6398741372393669,0.9470941720166488,0.9152463829962851,0.86383031140949
0.30303030303030304,0.9433675823262277,0.8526137691204421,0.7209154585183005,0.8830022092825751,0.7386539243771225,0.931491171492958,0.6508113101557724,0.9483598831380213,0.918269656445395,0.8680130147315368
0.31313131313131315,0.9501897617361894,0.8603564415310996,0.7436083459862468,0.8925607671421001,0.7630055727860818,0.9354508831863941,0.6649216139709799,0.9494651506009881,0.9212227103549345,0.8729826658507405
0.32323232323232326,0.9546002035070902,0.8674152000460024,0.7659258866487464,0.9024857653400861,0.7885134509759066,0.9392845782441197,0.6844590716225806,0.9505146115740747,0.9241063248612507,0.8793082800212925
0.33333333333333337,0.9565217391304348,0.8738385649294489,0.7876326769898504,0.9121348737279723,0.8142851013448089,0.9429880955462134,0.7079970517781464,0.9516129032258065,0.9269212801006903,0.8907993966817497
0.3434343434343435,0.9571506543750411,0.8796750564457378,0.808493313493609,0.9208657621571967,0.8394280662910011,0.9465572739727548,0.733658254206188,0.9527514154120305,0.9296683562096004,0.9050605695881989
0.3535353535353536,0.9577362666234239,0.8849731948591681,0.828272392644073,0.928036100479198,0.8630498882126947,0.9499879524038225,0.7595653786752168,0.9538526568353703,0.9323483333243278,0.9177635858562777
0.36363636363636365,0.9582809547876346,0.889781500434038,0.8467345109252932,0.933003558545415,0.8842581095081018,0.9532759697194959,0.7838411249537437,0.9549179429345157,0.9349619915812192,0.9251184238335111
0.37373737373737376,0.9587870977797243,0.8941484934346466,0.86364426482132,0.9363281885226423,0.902160272575435,0.9564171647998541,0.8046081928102801,0.9559485891481571,0.9375101111166216,0.9301689633148438
0.38383838383838387,0.9592570745117441,0.8981226941252923,0.8787662508162042,0.939472985281303,0.9158639198129058,0.9594073765249758,0.819989282013337,0.9569459109149842,0.9399934720668819,0.9342347521918056
0.393939393939394,0.9596932638957453,0.9017526227702739,0.8918650653939965,0.9424556829251013,0.9244765936187264,0.9622424437749405,0.8309970031856468,0.957911223673687,0.942412854568347,0.9372235650331807
0.4040404040404041,0.960098044843779,0.9050867996338902,0.9027053050387475,0.9452820976414603,0.927632634571705,0.9649182054298271,0.8408511088332064,0.9588458428629559,0.9447690387573638,0.9391352184996868
0.4141414141414142,0.9604737962678965,0.9081737449804395,0.9110515662345077,0.9479580456178026,0.929604213568899,0.9674305003697147,0.849677853057953,0.9597510839214807,0.9470628047702792,0.9407600956768882
0.42424242424242425,0.9608228970801492,0.9110619790742208,0.9166684454653281,0.9504893430415507,0.9315236809821036,0.9697751674746822,0.857585379167551,0.9606282622879513,0.9492949327434398,0.9423029005845377
0.43434343434343436,0.9611477261925879,0.9137985859157599,0.9198173932624931,0.9528818061001274,0.9333916771534054,0.9719480456248089,0.8646818304696652,0.961478693401058,0.9514662028131929,0.9437669766681409
0.4444444444444445,0.9614506625172641,0.91639543362849,0.9226270258996953,0.9551412509809554,0.9352088424248914,0.9739449737001739,0.8710753502719598,0.9623036926994908,0.9535773951158851,0.9451556673732037
0.4545454545454546,0.9617340849662288,0.9188545815670963,0.9253701815167138,0.9572734938714573,0.9369758171386483,0.975761790580856,0.8768740818820996,0.9631045756219395,0.9556292897878633,0.9464723161452319
0.4646464646464647,0.9620003724515334,0.9211840147022782,0.9280474418913647,0.9592843509590558,0.9386932416367625,0.9773943351469345,0.8821733049522782,0.9638826576070942,0.9576226669654746,0.9477202664297313
0.4747474747474748,0.9622519038852287,0.9233917180047342,0.9306593888014631,0.9611796384311736,0.9403617562613211,0.9788384462784887,0.8868951094569254,0.9646392540936451,0.9595583067850656,0.9489028616722075
0.48484848484848486,0.9624910581793663,0.9254856764451638,0.9332066040248247,0.9629651724752333,0.9419820013544106,0.9800899628555969,0.8911073926081532,0.9653756805202824,0.9614369893829833,0.9500234453181664
0.494949494949495,0.9627202142459975,0.9274738749942655,0.935689669339265,0.9646467692786577,0.9435546172581177,0.981144723758339,0.8949453335405424,0.9660932523256957,0.9632594948955747,0.9510853608131138
0.5050505050505051,0.9629417509971732,0.9293642986227385,0.9381091665225993,0.9662302450288694,0.9450802443145294,0.9819985678667938,0.8985441113886734,0.9667932849485752,0.9650266034591864,0.9520919516025557
0.5151515151515152,0.9631580473449445,0.9311649323012817,0.9404656773526433,0.9677214159132913,0.9465595228657321,0.9827097454069748,0.9020389052871269,0.9674770938276109,0.9667390952101654,0.9530465611319973
0.5252525252525253,0.9633714822013629,0.932883761000594,0.9427597836072125,0.9691260981193455,0.9479930932538128,0.9834038143606958,0.9055648943704837,0.9681459944014931,0.9683977502848587,0.9539525328469447
0.5353535353535354,0.9635844344784795,0.9345287696913743,0.9449920670641224,0.9704501078344552,0.9493815958208578,0.9840844619275092,0.9092572577733244,0.9688013021089114,0.9700033488196131,0.9548132101929037
0.5454545454545455,0.9637992830883454,0.9361079433443219,0.9471631095011882,0.971699261246043,0.9507256709089542,0.984751636897265,0.9133130012616876,0.969444332388556,0.9715566709507756,0.9556319366153802
0.5555555555555556,0.9640184069430121,0.9376292669301354,0.9492734926962259,0.9728793745415313,0.9520259588601887,0.985405288059813,0.9178559432843568,0.9700764006791172,0.9730584968146927,0.9564120555598796
0.5656565656565657,0.9642441849545305,0.9391007254195137,0.9513237984270505,0.973996263908343,0.9532831000166477,0.9860453642050034,0.9226307414110365,0.9706988224192847,0.9745096065477118,0.957156910471908
0.5757575757575758,0.9644789960349517,0.9405303037831562,0.9533146084714779,0.9750557455339008,0.9544977347204183,0.9866718141226865,0.9273633838824415,0.9713129130477488,0.9759107802861794,0.9578698447969711
0.5858585858585859,0.9647252190963272,0.9419259869917613,0.9552465046073233,0.9760636356056273,0.955670503313587,0.987284586602712,0.9317798589392867,0.9719199880031992,0.9772627981664425,0.9585542019805744
0.595959595959596,0.9649852330507082,0.9432957600160284,0.9571200686124025,0.9770257503109451,0.9568020461382408,0.9878836304349299,0.9356061548222872,0.9725213627243262,0.978566440324848,0.9592133254682242
0.6060606060606061,0.9652614168101455,0.9446476078266564,0.9589358822645307,0.9779484101585931,0.957893003536466,0.9884688944091905,0.9385682597721577,0.9731183526498197,0.9798224868977427,0.9598505587054259
0.6161616161616162,0.9655561492866909,0.945989515394344,0.9606945273415237,0.9788545750433736,0.9589440158503497,0.9890403273153437,0.9403958859872958,0.9737122732183698,0.9810317180214735,0.9604692451376853
0.6262626262626263,0.9658718093923951,0.9473294676897904,0.9623965856211967,0.9797535776664585,0.9599557234219784,0.9895978779432397,0.9415888843983714,0.9743044398686667,0.9821949138323874,0.9610727282105084
0.6363636363636365,0.9662107760393096,0.9486754496836944,0.9640426388813654,0.9806445446713813,0.9609287665934388,0.9901414950827282,0.9426542421612668,0.9748961680394,0.9833128544668311,0.9616643513694006
0.6464646464646465,0.9665754281394854,0.9500354463467552,0.9656332688998451,0.9815266027016749,0.9618637857068179,0.9906711275236595,0.9436032067063055,0.9754887731692603,0.9843863200611517,0.9622474580598679
0.6565656565656566,0.9669681446049739,0.9514174426496712,0.9671690574544516,0.9823988784008731,0.9627614211042019,0.9911867240558837,0.9444470254638115,0.976083570696937,0.9854160907516959,0.9628253917274161
0.6666666666666667,0.967391304347826,0.952829423563142,0.9686505863230002,0.9832604984125091,0.9636223131276781,0.9916882334692506,0.9451969458641082,0.9766818760611206,0.9864029466748107,0.9634014958175511
0.6767676767676768,0.9678387459858294,0.9542793740578664,0.9700784372833063,0.9841105893801163,0.9644471021193329,0.9921756045536104,0.9458642153375193,0.977285004700501,0.9873476679668428,0.9639791137757783
0.686868686868687,0.9683025205542872,0.9557752791045431,0.9714531921131858,0.984948277947228,0.965236428421253,0.9926487860988131,0.9464600813143684,0.9778942720537681,0.9882510347641393,0.9645615890476036
0.696969696969697,0.9687823255915242,0.9573163999645439,0.9727754325904537,0.9857726907573777,0.9659909323755252,0.9931077268947087,0.9469957912249795,0.9785109935596122,0.989113827203047,0.965152265078533
0.7070707070707072,0.9692778586358656,0.9588580513807919,0.9740457404929259,0.9865829544540987,0.9667112543242364,0.9935523757311475,0.9474825924996757,0.9791364846567231,0.9899368254199127,0.9657544853140723
0.7171717171717172,0.9697888172256359,0.9603926157866672,0.9752646975984176,0.9873781956809243,0.9673980346094732,0.9939826813979792,0.947931732568781,0.979772060783791,0.9907208095510835,0.9663715931997268
0.7272727272727273,0.9703148988991604,0.9619199741937611,0.9764328856847446,0.988157541081388,0.968051913573322,0.9943985926850539,0.9483544588626192,0.9804190373795058,0.9914665597329058,0.9670069321810026
0.7373737373737375,0.9708558011947639,0.9634400076136644,0.9775508865297222,0.9889201172990231,0.96867353155787,0.9948000583822217,0.9487620188115136,0.9810787298825577,0.9921748561017272,0.9676638457034056
0.7474747474747475,0.9714112216507712,0.9649525970579685,0.9786192819111658,0.9896650509773628,0.9692635289052036,0.9951870272793327,0.9491656598457882,0.9817524537316364,0.9928464787938939,0.9683456772124414
0.7575757575757577,0.9719808578055075,0.9664576235382646,0.9796386536068912,0.9903914687599408,0.9698225459574097,0.995559448166237,0.9495766293957663,0.9824415243654324,0.9934822079457531,0.9690557701536158
0.7676767676767677,0.9725644071972973,0.9679549680661438,0.9806095833947137,0.9910984972902901,0.9703512230565747,0.9959172698327844,0.9500061748917716,0.9831472572226353,0.9940828236936516,0.9697858043480497
0.7777777777777778,0.9731615673644659,0.9694445116531973,0.9815326530524486,0.9917852632119444,0.9708502005447859,0.9962604410688252,0.9504655437641282,0.9838709677419355,0.9946491061739364,0.9705098329077072
0.787878787878788,0.973772035845338,0.9709261353110162,0.982408444357912,0.9924508931684369,0.9713201187641297,0.9965889106642091,0.9509659834431593,0.9846041055718475,0.9951818355229543,0.9712267162249644
0.797979797979798,0.9743955101782386,0.9723997200511918,0.9832375390889189,0.993094513803301,0.9717616180566926,0.9969026274087865,0.9515187413591888,0.9853372434017595,0.9956817918770521,0.9719364456435383
0.8080808080808082,0.9750316879014926,0.973865146885315,0.984020519023285,0.99371525176007,0.9721753387645616,0.9972015400924072,0.9521350649425402,0.9860703812316716,0.9961497553725768,0.9726390125071455
0.8181818181818182,0.975680266553425,0.9753222968249775,0.9847579659388255,0.9943122336822773,0.9725619212298235,0.9974855975049214,0.9528262016235374,0.9868035190615836,0.9965865061458753,0.973334408159503
0.8282828282828284,0.9763409436723606,0.9767710508817699,0.9854504616133564,0.9948845862134563,0.9729220057945649,0.9977547484361791,0.9536033988325036,0.9875366568914956,0.9969928243332942,0.9740226239443276
0.8383838383838385,0.9770134167966243,0.9782112900672837,0.9860985878246928,0.9954314359971405,0.9732562328008723,0.9980089416760302,0.9544779039997628,0.9882697947214076,0.9973694900711808,0.974703651205336
0.8484848484848485,0.9776973834645412,0.97964289539311,0.9867029263506505,0.9959519096768629,0.9735652425908329,0.9982481260143251,0.9554625872530508,0.9890029325513197,0.9977172834958817,0.9753774812862449
0.8585858585858587,0.978392541214436,0.9810657478708399,0.9872640589690446,0.9964451338961573,0.9738496755065328,0.9984722502409134,0.9566043795187702,0.9897360703812317,0.9980369847437439,0.9760441055307714
0.8686868686868687,0.9790985875846338,0.9824797285120647,0.987782567457691,0.9969102352985568,0.9741101718900592,0.9986812631456451,0.9579125461039734,0.9904692082111437,0.9983293739511143,0.976703515282632
0.8787878787878789,0.9798152201134593,0.9838847183283754,0.9882590335944051,0.9973463405275946,0.9743473720834989,0.998875113518371,0.95937613283741,0.9912023460410557,0.9985952312543397,0.9773557018855439
0.888888888888889,0.9805421363392377,0.9852805983313634,0.988694039157002,0.9977525762268046,0.9745619164289383,0.9990537501489403,0.9609841855478297,0.9919354838709677,0.998835336789767,0.9780006566832234
0.8989898989898991,0.9812790338002938,0.9866672495326196,0.9890881659232978,0.9981280690397197,0.974754445268464,0.9992171218272032,0.9627257500639816,0.9926686217008798,0.999050470693743,0.9786383710193878
0.9090909090909092,0.9820256100349525,0.9880445529437355,0.9894419956711078,0.9984719456098732,0.9749255989441633,0.9993651773430103,0.9645898722146153,0.9934017595307918,0.9992414131026149,0.9792688362377535
0.9191919191919192,0.9827815625815386,0.9894123895763021,0.9897561101782475,0.998783332580799,0.9750760177981223,0.9994978654862109,0.9665655978284806,0.9941348973607038,0.9994089441527289,0.9798920436820376
0.9292929292929294,0.9835465889783772,0.9907706404419104,0.9900310912225322,0.99906135659603,0.9752063421724281,0.9996151350466558,0.9686419727343266,0.9948680351906158,0.9995538439804328,0.9805079846959568
0.9393939393939394,0.9843203867637931,0.9921191865521519,0.9902675205817775,0.9993051442991,0.9753172124091675,0.9997169348141941,0.9708080427609032,0.9956011730205279,0.9996768927220725,0.9811166506232278
0.9494949494949496,0.9851026534761114,0.9934579089186176,0.990465980033799,0.9995138223335416,0.9754092688504269,0.9998032135786765,0.9730528537369595,0.9963343108504399,0.9997788705139958,0.9817180328075675
0.9595959595959597,0.9858930866536568,0.9947866885528986,0.9906270513564122,0.9996865173428889,0.9754831518382929,0.9998739201299531,0.9753654514912451,0.9970674486803519,0.9998605574925491,0.9823121225926927
0.9696969696969697,0.9866913838347543,0.9961054064665862,0.9907513163274323,0.9998223559706751,0.9755395017148528,0.9999290032578737,0.9777348818525098,0.9978005865102639,0.9999227337940793,0.9828989113223203
0.9797979797979799,0.9874972425577287,0.9974139436712713,0.9908393567246752,0.9999204648604334,0.975578958822193,0.9999684117522883,0.9801501906495027,0.998533724340176,0.9999661795549332,0.9834783903401668
0.98989898989899,0.9883103603609052,0.9987121811785455,0.9908917543259563,0.9999799706556973,0.9756021635024,0.9999920944030471,0.9826004237109734,0.999266862170088,0.9999916749114578,0.9840505509899495
1.0,0.9891304347826086,1.0,0.9909090909090909,1.0,0.9756097560975611,1.0,0.9850746268656717,1.0,1.0,0.9846153846153847
